(arrivalMean_ / departureMean_),item->arrivalTime_,queue_->length(),status_,
1,1.71058,0,0,
1,1.94862,0,1,
1,2.69604,0,0,
1,3.2991,0,1,
1,4.01825,1,1,
1,4.7085,1,1,
1,4.97713,2,1,
1,6.6048,2,1,
1,7.36944,2,1,
1,9.4887,0,1,
1,9.56925,1,1,
1,9.5743,2,1,
1,9.72934,3,1,
1,10.8133,4,1,
1,11.2126,5,1,
1,12.8316,6,1,
1,12.8924,7,1,
1,14.1536,8,1,
1,15.1598,9,1,
1,15.6502,10,1,
1,17.0128,9,1,
1,18.2782,9,1,
1,19.6699,9,1,
1,19.8537,10,1,
1,20.1352,11,1,
1,21.6571,11,1,
1,23.3498,8,1,
1,26.1307,9,1,
1,26.3548,10,1,
1,26.8738,9,1,
1,27.71,10,1,
1,29.3379,10,1,
1,29.4473,11,1,
1,29.5774,12,1,
1,30.3878,13,1,
1,36.3542,9,1,
1,38.9665,10,1,
1,39.8748,11,1,
1,40.0726,12,1,
1,41.6267,13,1,
1,41.7422,14,1,
1,41.7772,15,1,
1,42.4672,14,1,
1,43.8251,11,1,
1,43.842,12,1,
1,44.7039,12,1,
1,46.1844,11,1,
1,46.8594,12,1,
1,46.9706,13,1,
1,47.8044,12,1,
1,49.8894,12,1,
1,52.6973,8,1,
1,53.3447,9,1,
1,53.6885,10,1,
1,54.6257,9,1,
1,55.2691,9,1,
1,55.5659,10,1,
1,56.0958,11,1,
1,57.3083,12,1,
1,58.7807,8,1,
1,59.5858,9,1,
1,60.2714,8,1,
1,60.386,9,1,
1,61.2574,9,1,
1,62.2821,10,1,
1,65.0401,9,1,
1,66.2508,9,1,
1,66.5124,10,1,
1,66.6742,11,1,
1,70.6432,6,1,
1,71.107,7,1,
1,72.621,5,1,
1,73.4822,6,1,
1,75.4591,1,1,
1,75.4833,2,1,
1,75.4983,3,1,
1,76.9129,3,1,
1,77.9874,3,1,
1,78.095,4,1,
1,78.6782,5,1,
1,78.7868,6,1,
1,80.3201,5,1,
1,81.7382,5,1,
1,85.1846,2,1,
1,85.3384,2,1,
1,87.2597,1,1,
1,87.6187,2,1,
1,88.4241,3,1,
1,88.4655,4,1,
1,88.4924,5,1,
1,90.282,5,1,
1,90.4841,6,1,
1,90.593,7,1,
1,91.187,7,1,
1,91.9872,8,1,
1,92.5663,8,1,
1,94.1373,6,1,
1,96.3082,4,1,
1,96.7931,5,1,
1,96.9427,6,1,
1,99.5075,4,1,
1,101.495,0,1,
1,101.616,1,1,
1,101.673,2,1,
1,105.469,1,1,
1,105.975,1,1,
1,107.376,0,0,
1,107.433,0,1,
1,107.707,0,1,
1,107.722,1,1,
1,108.172,1,1,
1,108.446,2,1,
1,109.327,3,1,
1,109.992,1,1,
1,111.891,1,1,
1,115.406,0,0,
1,116.188,0,0,
1,116.316,0,1,
1,117.721,0,0,
1,118.272,0,1,
1,119.446,0,1,
1,119.817,0,0,
1,121.33,0,0,
1,123.38,0,0,
1,124.393,0,0,
1,124.464,0,1,
1,126.6,0,0,
1,127.018,0,1,
1,129.748,0,0,
1,131.02,0,1,
1,132.127,0,1,
1,133.515,0,0,
1,135.8,0,0,
1,137.74,0,0,
1,137.953,0,1,
1,140.903,0,0,
1,141.992,0,1,
1,142.542,0,1,
1,143.284,1,1,
1,143.749,2,1,
1,144.519,3,1,
1,145.196,4,1,
1,146.846,4,1,
1,147.522,3,1,
1,148.876,2,1,
1,149.236,3,1,
1,150.087,4,1,
1,153.19,2,1,
1,153.274,3,1,
1,154.905,4,1,
1,155.055,5,1,
1,155.676,6,1,
1,156.632,3,1,
1,157.322,4,1,
1,157.455,5,1,
1,158.822,5,1,
1,159.343,6,1,
1,159.38,6,1,
1,159.565,7,1,
1,159.759,8,1,
1,162.779,5,1,
1,162.88,6,1,
1,163.851,6,1,
1,164.141,7,1,
1,164.759,8,1,
1,165.922,7,1,
1,166.43,6,1,
1,167.774,6,1,
1,167.789,7,1,
1,169.849,5,1,
1,172.401,3,1,
1,177.475,0,0,
1,178.309,0,0,
1,178.466,0,1,
1,179.482,0,1,
1,180.328,0,1,
1,181.358,0,1,
1,181.72,0,1,
1,183.029,0,1,
1,183.65,0,1,
1,184.179,0,1,
1,185.212,1,1,
1,186.424,2,1,
1,186.541,3,1,
1,187.037,4,1,
1,188.995,4,1,
1,189.065,5,1,
1,189.437,6,1,
1,189.645,7,1,
1,189.921,8,1,
1,191.554,7,1,
1,193.534,8,1,
1,194.775,5,1,
1,195.887,3,1,
1,196.662,3,1,
1,196.915,4,1,
1,196.956,5,1,
1,200.126,5,1,
1,200.226,6,1,
1,200.495,7,1,
1,202.003,5,1,
1,202.745,6,1,
1,202.904,7,1,
1,204.755,7,1,
1,205.763,6,1,
1,205.772,7,1,
1,206.342,7,1,
1,206.542,8,1,
1,209.164,4,1,
1,209.202,5,1,
1,209.209,6,1,
1,209.237,7,1,
1,209.558,8,1,
1,211.244,7,1,
1,214.136,6,1,
1,214.505,7,1,
1,214.702,8,1,
1,214.797,9,1,
1,214.899,10,1,
1,214.949,11,1,
1,215.161,12,1,
1,215.954,11,1,
1,216.694,10,1,
1,217.74,11,1,
1,218.475,12,1,
1,222.106,10,1,
1,222.639,10,1,
1,222.686,11,1,
1,227.184,10,1,
1,227.917,11,1,
1,228.307,12,1,
1,228.372,13,1,
1,229.322,13,1,
1,229.769,14,1,
1,229.939,15,1,
1,230.42,15,1,
1,230.482,16,1,
1,231.327,17,1,
1,236.191,15,1,
1,237.214,16,1,
1,237.447,17,1,
1,239.026,15,1,
1,239.482,16,1,
1,241.139,17,1,
1,242.445,18,1,
1,242.948,17,1,
1,244.374,17,1,
1,244.963,17,1,
1,246.207,18,1,
1,246.503,19,1,
1,246.673,20,1,
1,247.642,19,1,
1,247.691,20,1,
1,247.711,21,1,
1,247.905,22,1,
1,248.475,20,1,
1,248.708,21,1,
1,248.745,22,1,
1,249.588,23,1,
1,251.459,22,1,
1,252.31,23,1,
1,254.319,22,1,
1,254.34,23,1,
1,254.462,24,1,
1,255.795,24,1,
1,256.479,25,1,
1,256.904,26,1,
1,260.308,23,1,
1,261.025,24,1,
1,261.166,25,1,
1,261.555,26,1,
1,261.897,27,1,
1,264.326,27,1,
1,264.401,28,1,
1,265.395,28,1,
1,266.62,29,1,
1,266.701,30,1,
1,267.612,30,1,
1,268.005,31,1,
1,269.563,31,1,
1,269.918,31,1,
1,275.838,22,1,
1,276.374,22,1,
1,277.166,22,1,
1,279.25,21,1,
1,279.395,22,1,
1,279.705,23,1,
1,284.58,18,1,
1,285.313,19,1,
1,287.974,16,1,
1,288.242,17,1,
1,288.5,17,1,
1,288.774,18,1,
1,288.801,19,1,
1,288.852,20,1,
1,291.787,17,1,
1,293.872,17,1,
1,293.881,18,1,
1,294.04,19,1,
1,294.82,19,1,
1,294.906,20,1,
1,294.907,21,1,
1,295.93,22,1,
1,296.451,23,1,
1,296.915,23,1,
1,298.076,23,1,
1,298.707,23,1,
1,298.944,24,1,
1,299.047,24,1,
1,299.054,25,1,
1,300.556,25,1,
1,300.981,26,1,
1,302.91,26,1,
1,303.384,27,1,
1,303.624,27,1,
1,304.586,27,1,
1,304.822,28,1,
1,305.417,28,1,
1,305.475,29,1,
1,306.083,30,1,
1,307.218,30,1,
1,308.154,30,1,
1,308.798,29,1,
1,309.31,30,1,
1,309.484,31,1,
1,310.542,30,1,
1,311.571,30,1,
1,311.706,30,1,
1,313.444,30,1,
1,313.734,31,1,
1,314.15,32,1,
1,314.97,32,1,
1,316.928,31,1,
1,317.413,31,1,
1,317.558,32,1,
1,318.741,32,1,
1,321.298,29,1,
1,321.323,30,1,
1,321.855,30,1,
1,322.404,30,1,
1,325.297,28,1,
1,325.385,29,1,
1,325.731,29,1,
1,326.405,30,1,
1,326.752,31,1,
1,327.958,31,1,
1,328.346,30,1,
1,328.529,30,1,
1,329.324,29,1,
1,330.734,29,1,
1,332.445,27,1,
1,332.956,28,1,
1,333.012,29,1,
1,334.269,28,1,
1,334.315,28,1,
1,334.475,28,1,
1,334.481,29,1,
1,334.662,30,1,
1,334.96,31,1,
1,335.257,32,1,
1,336.084,32,1,
1,337.692,31,1,
1,338.419,31,1,
1,339.266,32,1,
1,339.469,33,1,
1,339.607,34,1,
1,340.264,33,1,
1,343.436,32,1,
1,344.463,32,1,
1,348.015,30,1,
1,348.148,31,1,
1,349.059,32,1,
1,349.739,32,1,
1,350.273,33,1,
1,350.555,33,1,
1,351.105,33,1,
1,351.11,34,1,
1,351.481,33,1,
1,354.565,29,1,
1,358.631,25,1,
1,359.757,24,1,
1,361.281,22,1,
1,361.362,23,1,
1,361.775,24,1,
1,362.417,24,1,
1,362.706,23,1,
1,364.19,24,1,
1,364.222,25,1,
1,364.483,25,1,
1,364.657,26,1,
1,365.621,27,1,
1,365.768,28,1,
1,365.964,29,1,
1,366.356,29,1,
1,368.049,29,1,
1,370.244,26,1,
1,370.883,26,1,
1,371.857,26,1,
1,371.995,27,1,
1,374.164,25,1,
1,374.421,26,1,
1,375.356,25,1,
1,375.594,26,1,
1,375.935,27,1,
1,376.32,28,1,
1,376.592,29,1,
1,376.621,30,1,
1,379.723,28,1,
1,379.83,29,1,
1,380.798,30,1,
1,382.014,31,1,
1,382.597,31,1,
1,383.681,31,1,
1,384.444,31,1,
1,384.935,31,1,
1,385.119,32,1,
1,385.377,33,1,
1,385.801,33,1,
1,386.63,32,1,
1,387.805,31,1,
1,388.996,32,1,
1,390.123,32,1,
1,390.506,32,1,
1,391.19,31,1,
1,391.461,30,1,
1,391.937,31,1,
1,392.08,32,1,
1,392.561,33,1,
1,392.599,34,1,
1,395.229,33,1,
1,395.574,34,1,
1,396.543,35,1,
1,397.62,36,1,
1,400.088,30,1,
1,400.704,30,1,
1,401.11,30,1,
1,401.52,30,1,
1,401.682,31,1,
1,405.229,31,1,
1,405.527,32,1,
1,406.171,33,1,
1,406.495,34,1,
1,407.055,34,1,
1,407.188,35,1,
1,407.365,36,1,
1,408.176,37,1,
1,408.454,38,1,
1,408.509,39,1,
1,408.659,40,1,
1,408.958,41,1,
1,410.087,40,1,
1,410.47,41,1,
1,411.092,42,1,
1,411.101,43,1,
1,412.735,42,1,
1,414.362,41,1,
1,414.949,41,1,
1,415.327,42,1,
1,416.442,43,1,
1,418.666,43,1,
1,418.846,44,1,
1,421.813,43,1,
1,422.317,44,1,
1,422.637,45,1,
1,423.605,45,1,
1,424.252,43,1,
1,424.877,43,1,
1,424.902,44,1,
1,424.99,45,1,
1,425.502,46,1,
1,426.592,43,1,
1,428.312,42,1,
1,429.557,43,1,
1,430.938,43,1,
1,432.568,42,1,
1,432.642,43,1,
1,433.198,44,1,
1,433.884,45,1,
1,435.772,43,1,
1,436.6,43,1,
1,437.847,44,1,
1,439.37,45,1,
1,440.11,45,1,
1,440.447,46,1,
1,442.018,47,1,
1,442.342,48,1,
1,442.381,49,1,
1,445.691,47,1,
1,447.22,46,1,
1,447.414,47,1,
1,447.482,48,1,
1,449.321,45,1,
1,449.594,46,1,
1,451.032,46,1,
1,451.252,47,1,
1,453.025,45,1,
1,453.328,45,1,
1,453.354,46,1,
1,453.989,47,1,
1,454.987,47,1,
(arrivalMean_ / departureMean_),item->arrivalTime_,queue_->length(),status_,
1,1.71058,0,0,
1,1.94862,0,1,
1,2.69604,0,0,
1,3.2991,0,1,
1,4.01825,1,1,
1,4.7085,1,1,
1,6.42994,2,1,
1,10.0937,0,0,
1,10.493,0,1,
1,11.4856,1,1,
1,13.5402,2,1,
1,14.677,1,1,
1,14.9922,1,1,
1,16.3548,2,1,
1,19.2956,1,1,
1,20.813,2,1,
1,21.9814,3,1,
1,23.3569,4,1,
1,23.6871,5,1,
1,25.8523,2,1,
1,26.5643,1,1,
1,28.8674,0,1,
1,31.6722,0,0,
1,32.0722,0,1,
1,34.3417,0,1,
1,36.3977,0,0,
1,36.9926,0,0,
1,37.1124,0,1,
1,37.9265,1,1,
1,38.3419,2,1,
1,39.2522,2,1,
1,39.3528,3,1,
1,42.746,1,1,
1,42.8572,2,1,
1,43.146,2,1,
1,43.3738,3,1,
1,43.3738,4,1,
1,45.113,4,1,
1,45.1791,5,1,
1,47.1034,4,1,
1,47.7622,5,1,
1,48.284,5,1,
1,48.9314,5,1,
1,48.9798,6,1,
1,49.9171,7,1,
1,50.0443,8,1,
1,50.6877,8,1,
1,53.4785,3,1,
1,53.8722,3,1,
1,54.2897,3,1,
1,57.4111,2,1,
1,57.8213,2,1,
1,62.8158,0,0,
1,63.1686,0,1,
1,63.2407,1,1,
1,64.5523,0,0,
1,64.7461,0,1,
1,65.7207,0,1,
1,66.4522,0,1,
1,66.8574,1,1,
1,67.1115,2,1,
1,67.377,3,1,
1,68.2122,3,1,
1,70.2615,1,1,
1,70.3713,1,1,
1,72.0135,1,1,
1,73.5174,0,1,
1,74.5373,0,1,
1,75.6773,0,1,
1,75.8134,1,1,
1,75.8706,2,1,
1,76.3217,3,1,
1,76.5425,4,1,
1,76.7254,5,1,
1,76.9197,6,1,
1,77.9934,7,1,
1,78.3092,8,1,
1,78.6432,9,1,
1,78.714,10,1,
1,78.8781,11,1,
1,80.7112,12,1,
1,81.0754,13,1,
1,81.4345,13,1,
1,81.6653,14,1,
1,81.7067,15,1,
1,82.114,14,1,
1,82.7193,15,1,
1,83.0786,16,1,
1,86.6689,14,1,
1,87.0705,12,1,
1,89.1999,11,1,
1,89.5036,11,1,
1,89.6248,12,1,
1,90.1921,13,1,
1,90.6771,13,1,
1,90.8266,14,1,
1,91.4878,15,1,
1,91.6259,16,1,
1,91.644,17,1,
1,91.7957,18,1,
1,95.1384,16,1,
1,95.2593,17,1,
1,95.3165,18,1,
1,99.1124,13,1,
1,104.697,6,1,
1,105.052,6,1,
1,106.64,5,1,
1,107.389,5,1,
1,110.013,0,0,
1,112.031,0,0,
1,113.691,0,0,
1,114.626,0,0,
1,115.303,0,1,
1,116.773,1,1,
1,117.448,2,1,
1,117.866,2,1,
1,119.312,1,1,
1,120.644,1,1,
1,122.092,1,1,
1,123.926,0,0,
1,125.63,0,1,
1,126.457,0,1,
1,127.397,0,0,
1,127.909,0,1,
1,130.038,0,0,
1,131.268,0,0,
1,132.01,0,1,
1,133.983,1,1,
1,134.416,2,1,
1,136.41,0,0,
1,137.081,0,0,
1,137.436,0,1,
1,137.919,0,1,
1,140.584,0,0,
1,141.404,0,1,
1,141.657,1,1,
1,144.563,0,0,
1,144.94,0,1,
1,145.079,1,1,
1,145.254,2,1,
1,145.69,2,1,
1,146.379,3,1,
1,147.019,2,1,
1,147.078,3,1,
1,147.224,4,1,
1,147.932,4,1,
1,151.54,2,1,
1,154.503,2,1,
1,156.516,1,1,
1,157.021,1,1,
1,158.056,2,1,
1,160.492,2,1,
1,161.646,3,1,
1,161.808,4,1,
1,162.644,5,1,
1,162.677,5,1,
1,164.166,4,1,
1,164.246,5,1,
1,165.134,6,1,
1,165.846,5,1,
1,167.526,4,1,
1,168.371,4,1,
1,169.401,5,1,
1,169.763,5,1,
1,171.072,5,1,
1,171.113,6,1,
1,171.17,7,1,
1,172.203,8,1,
1,172.733,9,1,
1,173.317,9,1,
1,174.501,8,1,
1,175.074,8,1,
1,175.569,9,1,
1,177.527,8,1,
1,177.735,9,1,
1,178.011,10,1,
1,179.644,9,1,
1,179.742,10,1,
1,181.92,11,1,
1,182.368,12,1,
1,183.251,10,1,
1,183.49,11,1,
1,183.999,12,1,
1,184.555,11,1,
1,186.813,8,1,
1,187.204,9,1,
1,187.784,10,1,
1,188.949,10,1,
1,189.217,11,1,
1,189.829,12,1,
1,190.161,12,1,
1,191.773,9,1,
1,192.343,10,1,
1,192.637,11,1,
1,194.705,10,1,
1,195.713,9,1,
1,195.722,10,1,
1,195.754,11,1,
1,196.342,12,1,
1,196.899,12,1,
1,200.06,10,1,
1,200.3,11,1,
1,200.891,12,1,
1,203.783,12,1,
1,204.151,13,1,
1,204.348,14,1,
1,204.444,15,1,
1,204.545,16,1,
1,204.596,17,1,
1,204.808,18,1,
1,205.6,19,1,
1,206.341,19,1,
1,207.387,18,1,
1,208.122,19,1,
1,211.753,18,1,
1,212.286,19,1,
1,212.772,19,1,
1,215.428,19,1,
1,219.363,18,1,
1,219.505,19,1,
1,223.289,14,1,
1,224.398,15,1,
1,224.858,16,1,
1,226.171,17,1,
1,226.707,17,1,
1,227.537,17,1,
1,227.724,17,1,
1,227.795,18,1,
1,229.452,18,1,
1,230.57,18,1,
1,230.649,19,1,
1,231.071,19,1,
1,231.515,20,1,
1,231.748,21,1,
1,231.992,22,1,
1,232.472,22,1,
1,234.83,22,1,
1,235,23,1,
1,235.425,24,1,
1,236.054,24,1,
1,236.103,25,1,
1,236.123,26,1,
1,236.317,27,1,
1,237.292,25,1,
1,239.084,23,1,
1,240.92,24,1,
1,241.058,25,1,
1,241.81,25,1,
1,241.83,26,1,
1,241.952,27,1,
1,243.285,28,1,
1,243.551,29,1,
1,243.645,30,1,
1,244.329,29,1,
1,244.755,30,1,
1,244.857,30,1,
1,245.241,31,1,
1,245.35,32,1,
1,247.523,33,1,
1,247.635,34,1,
1,248.769,33,1,
1,249.158,34,1,
1,249.325,35,1,
1,249.428,36,1,
1,249.593,37,1,
1,252.325,36,1,
1,252.7,36,1,
1,253.28,36,1,
1,254.172,37,1,
1,254.903,38,1,
1,257.915,36,1,
1,261.632,37,1,
1,264.433,35,1,
1,264.693,36,1,
1,265.019,35,1,
1,266.455,34,1,
1,266.678,35,1,
1,270.158,36,1,
1,270.377,37,1,
1,272.082,37,1,
1,272.097,38,1,
1,272.686,38,1,
1,273.132,39,1,
1,274.004,38,1,
1,274.255,39,1,
1,274.53,40,1,
1,274.581,41,1,
1,275.96,40,1,
1,276.373,38,1,
1,280.586,36,1,
1,281.442,37,1,
1,282.926,36,1,
1,283.693,36,1,
1,284.809,37,1,
1,285.489,37,1,
1,285.505,38,1,
1,285.93,38,1,
1,287.859,37,1,
1,288.035,38,1,
1,289.214,38,1,
1,290.06,37,1,
1,290.845,38,1,
1,291.584,39,1,
1,291.93,40,1,
1,293.278,41,1,
1,293.367,42,1,
1,293.879,41,1,
1,294.423,42,1,
1,298.875,39,1,
1,300.056,40,1,
1,300.485,40,1,
1,300.938,40,1,
1,301.877,40,1,
1,303.061,40,1,
1,304.852,41,1,
1,304.877,42,1,
1,305.408,42,1,
1,305.958,42,1,
1,306.626,42,1,
1,308.445,40,1,
1,308.629,41,1,
1,308.975,42,1,
1,309.649,42,1,
1,309.996,42,1,
1,311.202,42,1,
1,311.697,43,1,
1,312.039,43,1,
1,314.762,43,1,
1,314.817,44,1,
1,316.074,44,1,
1,316.235,45,1,
1,319.344,46,1,
1,321.852,46,1,
1,325.146,42,1,
1,326.172,42,1,
1,329.725,37,1,
1,330.124,36,1,
1,332.507,37,1,
1,333.03,37,1,
1,333.067,38,1,
1,333.512,39,1,
1,333.639,39,1,
1,334.31,39,1,
1,334.543,40,1,
1,334.58,41,1,
1,335.074,42,1,
1,335.21,43,1,
1,335.811,41,1,
1,339.877,40,1,
1,339.988,40,1,
1,340.602,40,1,
1,341.813,38,1,
1,344.518,36,1,
1,344.797,37,1,
1,346.89,36,1,
1,347.617,36,1,
1,348.384,35,1,
1,348.771,36,1,
1,349.103,37,1,
1,351.299,38,1,
1,351.949,38,1,
1,352.41,38,1,
1,354.873,37,1,
1,355.314,36,1,
1,355.552,37,1,
1,355.937,38,1,
1,356.209,39,1,
1,356.647,38,1,
1,357.099,39,1,
1,357.848,39,1,
1,360.671,35,1,
1,361.887,36,1,
1,363.026,36,1,
1,364.112,37,1,
1,364.297,37,1,
1,364.421,37,1,
1,364.845,37,1,
1,365.674,36,1,
1,366.849,36,1,
1,368.273,35,1,
1,369.325,35,1,
1,369.564,36,1,
1,371.75,34,1,
1,371.922,35,1,
1,372.132,36,1,
1,372.401,37,1,
1,373.684,36,1,
1,374.058,37,1,
1,374.818,38,1,
1,377.286,36,1,
1,377.475,37,1,
1,378.13,38,1,
1,378.442,39,1,
1,379.013,40,1,
1,379.299,40,1,
1,380.621,40,1,
1,380.797,41,1,
1,381.099,42,1,
1,382.933,40,1,
1,382.953,40,1,
1,385.727,36,1,
1,386.148,36,1,
1,386.235,37,1,
1,386.617,38,1,
1,387.093,38,1,
1,388.134,37,1,
1,390.527,36,1,
1,390.782,35,1,
1,394.237,33,1,
1,396.049,34,1,
1,396.518,34,1,
1,396.652,35,1,
1,396.952,35,1,
1,397.916,35,1,
1,398.784,34,1,
1,399.41,34,1,
1,399.939,34,1,
1,400.717,35,1,
1,401.503,34,1,
1,405.262,34,1,
1,405.299,35,1,
1,405.593,36,1,
1,406.558,35,1,
1,408.446,33,1,
1,409.982,33,1,
1,410.529,34,1,
1,412.756,35,1,
1,415.179,35,1,
1,415.362,36,1,
1,416.516,36,1,
1,416.52,37,1,
1,421.449,32,1,
1,421.611,33,1,
1,421.83,33,1,
1,423.069,34,1,
1,424.076,33,1,
1,424.511,34,1,
1,426.751,29,1,
1,427.733,30,1,
1,427.884,31,1,
1,428.749,32,1,
1,429.525,32,1,
1,430.961,32,1,
1,432.18,32,1,
1,434.916,26,1,
1,436.829,23,1,
1,436.962,24,1,
1,437.633,23,1,
1,438.166,23,1,
1,438.942,23,1,
1,439.121,24,1,
1,440.576,25,1,
1,440.676,26,1,
1,441.199,26,1,
1,442.105,26,1,
1,443.226,25,1,
1,447.785,17,1,
1,448.497,18,1,
1,448.638,19,1,
1,448.753,20,1,
1,450.785,18,1,
1,452.927,15,1,
1,455.981,11,1,
1,456.804,12,1,
1,457.32,13,1,
1,458.481,13,1,
1,459.218,14,1,
1,459.912,14,1,
1,462.224,14,1,
1,463.246,15,1,
1,467.983,14,1,
1,468.117,15,1,
1,469.023,16,1,
1,470.541,14,1,
1,473.631,11,1,
1,474.762,12,1,
1,476.408,13,1,
1,476.429,14,1,
1,477.942,14,1,
1,478.12,15,1,
1,478.278,16,1,
1,481.189,16,1,
1,481.505,17,1,
1,482.939,17,1,
1,483.088,18,1,
1,484.719,18,1,
1,484.999,19,1,
1,489.226,13,1,
1,489.27,14,1,
1,490.611,13,1,
1,492.758,12,1,
1,494.043,12,1,
1,494.572,12,1,
1,495.778,11,1,
1,496.411,12,1,
1,498.032,12,1,
1,499.323,11,1,
1,499.566,12,1,
1,499.81,13,1,
1,503.228,7,1,
(arrivalMean_ / departureMean_),item->arrivalTime_,queue_->length(),status_,
1,1.71058,0,0,
1,1.94862,0,1,
1,2.69604,0,0,
1,3.2991,0,1,
1,3.46068,1,1,
1,4.07592,2,1,
1,4.44651,1,1,
1,6.07418,1,1,
1,8.19343,0,0,
1,10.3468,0,0,
1,12.4014,0,0,
1,13.1253,0,1,
1,13.6156,0,1,
1,17.0902,0,1,
1,17.5618,1,1,
1,18.7603,1,1,
1,20.453,1,1,
1,20.5983,2,1,
1,21.5661,3,1,
1,22.085,4,1,
1,22.9213,5,1,
1,23.1031,5,1,
1,23.5981,6,1,
1,25.1653,5,1,
1,26.6221,3,1,
1,27.1187,4,1,
1,35.118,0,0,
1,35.2186,0,1,
1,35.2753,1,1,
1,36.005,2,1,
1,36.3489,3,1,
1,37.6257,3,1,
1,39.254,2,1,
1,39.9749,2,1,
1,41.4365,0,1,
1,42.1478,1,1,
1,43.883,0,1,
1,44.2712,1,1,
1,46.3318,0,1,
1,46.9875,1,1,
1,47.7659,2,1,
1,49.2383,2,1,
1,50.0434,2,1,
1,50.4077,3,1,
1,51.449,4,1,
1,52.3686,5,1,
1,55.3524,4,1,
1,56.9854,3,1,
1,57.247,4,1,
1,57.6149,5,1,
1,57.6436,6,1,
1,58.6479,5,1,
1,59.3021,4,1,
1,60.1581,4,1,
1,60.5769,5,1,
1,60.7348,5,1,
1,61.1986,4,1,
1,61.8362,5,1,
1,64.1712,3,1,
1,64.8376,3,1,
1,67.0852,2,1,
1,67.8676,2,1,
1,67.8867,3,1,
1,68.9723,3,1,
1,69.7105,3,1,
1,70.8506,4,1,
1,70.9866,5,1,
1,72.3386,4,1,
1,75.6804,0,1,
1,78.3057,1,1,
1,81.896,0,0,
1,82.5646,0,0,
1,85.8158,0,0,
1,86.9325,0,0,
1,87.7424,0,0,
1,87.9651,0,0,
1,89.9529,0,0,
1,91.1359,0,0,
1,91.2333,0,1,
1,94.5052,0,0,
1,94.6266,0,1,
1,94.6835,1,1,
1,94.9571,1,1,
1,94.9728,2,1,
1,95.4222,2,1,
1,96.232,2,1,
1,96.6937,3,1,
1,97.6978,1,1,
1,97.8053,2,1,
1,98.9602,2,1,
1,102.475,0,0,
1,103.257,0,0,
1,103.385,0,1,
1,104.79,0,1,
1,105.964,1,1,
1,106.053,2,1,
1,106.176,2,1,
1,106.856,3,1,
1,107.79,4,1,
1,108.468,3,1,
1,108.65,4,1,
1,109.703,4,1,
1,110.082,5,1,
1,110.937,4,1,
1,112.159,5,1,
1,113.656,4,1,
1,115.104,3,1,
1,116.55,0,0,
1,116.998,0,1,
1,117.223,1,1,
1,118.059,2,1,
1,118.886,2,1,
1,119.826,2,1,
1,120.338,3,1,
1,122.467,0,0,
1,123.034,0,1,
1,124.023,0,1,
1,124.488,1,1,
1,125.165,2,1,
1,125.597,3,1,
1,127.591,1,1,
1,128.054,0,1,
1,128.655,0,1,
1,129.137,1,1,
1,129.648,1,1,
1,130.923,0,1,
1,131.743,1,1,
1,132.984,1,1,
1,133.678,2,1,
1,133.828,3,1,
1,135.511,3,1,
1,136.151,1,1,
1,136.853,2,1,
1,140.461,1,1,
1,141.123,2,1,
1,142.76,2,1,
1,142.97,3,1,
1,144.088,4,1,
1,144.329,4,1,
1,145.899,4,1,
1,146.189,5,1,
1,146.208,6,1,
1,147.183,6,1,
1,147.295,7,1,
1,148.123,8,1,
1,148.293,9,1,
1,149.448,9,1,
1,151.472,8,1,
1,151.506,9,1,
1,153.89,7,1,
1,154.603,8,1,
1,156.282,7,1,
1,157.036,7,1,
1,157.398,8,1,
1,157.421,9,1,
1,158.55,8,1,
1,160.584,6,1,
1,161.617,7,1,
1,162.829,8,1,
1,163.445,9,1,
1,166.628,7,1,
1,168.607,5,1,
1,169.849,4,1,
1,170.088,3,1,
1,170.644,4,1,
1,170.991,5,1,
1,171.281,6,1,
1,174.432,4,1,
1,175.722,2,1,
1,175.818,3,1,
1,178.801,0,1,
1,179.735,0,1,
1,180.762,0,1,
1,180.793,1,1,
1,181.381,2,1,
1,181.72,3,1,
1,181.755,4,1,
1,183.077,2,1,
1,183.998,3,1,
1,184.319,2,1,
1,184.532,3,1,
1,184.795,4,1,
1,186.122,3,1,
1,186.674,4,1,
1,187.4,5,1,
1,190.806,2,1,
1,191.852,2,1,
1,192.237,3,1,
1,192.672,4,1,
1,196.303,4,1,
1,196.35,5,1,
1,200.848,3,1,
1,203.846,0,1,
1,208.71,0,0,
1,208.95,0,0,
1,210.075,0,1,
1,210.198,1,1,
1,210.907,1,1,
1,211.988,1,1,
1,214.606,2,1,
1,215.109,1,1,
1,215.553,2,1,
1,215.567,3,1,
1,217.357,3,1,
1,217.641,4,1,
1,217.703,5,1,
1,219.607,3,1,
1,220.177,3,1,
1,220.214,4,1,
1,221.331,2,1,
1,223.206,3,1,
1,223.408,4,1,
1,224.225,5,1,
1,226.434,2,1,
1,226.811,3,1,
1,227.237,2,1,
1,227.621,3,1,
1,229.291,1,1,
1,229.403,2,1,
1,230.538,2,1,
1,230.879,3,1,
1,231.045,4,1,
1,231.348,5,1,
1,231.537,6,1,
1,231.698,6,1,
1,231.833,7,1,
1,232.128,7,1,
1,232.974,7,1,
1,233.831,5,1,
1,237.154,1,1,
1,238.313,0,1,
1,238.668,0,1,
1,239.716,0,1,
1,239.835,1,1,
1,240.245,1,1,
1,240.512,2,1,
1,240.605,3,1,
1,241.656,1,1,
1,242.422,2,1,
1,244.96,0,0,
1,245.412,0,1,
1,246.889,0,0,
1,247.199,0,1,
1,247.368,1,1,
1,249.995,2,1,
1,251.818,3,1,
1,252.129,4,1,
1,254.173,2,1,
1,254.676,2,1,
1,255.472,0,1,
1,257.137,0,0,
1,258.168,0,0,
1,259.691,0,1,
1,259.829,1,1,
1,260.502,2,1,
1,261.544,3,1,
1,262.009,3,1,
1,262.775,3,1,
1,263.96,0,1,
1,264.641,0,1,
1,264.878,1,1,
1,265.661,2,1,
1,268.263,1,1,
1,268.34,2,1,
1,268.653,2,1,
1,270.085,3,1,
1,270.43,4,1,
1,270.581,5,1,
1,271.225,6,1,
1,272.271,6,1,
1,272.562,7,1,
1,273.886,7,1,
1,275.625,7,1,
1,276.445,6,1,
1,277.612,7,1,
1,278.066,8,1,
1,279.376,7,1,
1,280.368,8,1,
1,280.77,8,1,
1,282.779,6,1,
1,283.454,6,1,
1,286.761,3,1,
1,287.108,4,1,
1,287.253,5,1,
1,288.49,4,1,
1,289.285,3,1,
1,289.292,4,1,
1,294.665,1,1,
1,296.274,2,1,
1,297.129,2,1,
1,297.76,3,1,
1,298.417,2,1,
1,298.832,2,1,
1,299.92,2,1,
1,300.701,2,1,
1,301.627,1,1,
1,301.641,2,1,
1,302.148,3,1,
1,302.452,4,1,
1,302.537,5,1,
1,304.627,6,1,
1,304.932,7,1,
1,305.013,8,1,
1,305.104,9,1,
1,305.344,9,1,
1,305.477,10,1,
1,308.104,9,1,
1,308.108,10,1,
1,308.48,10,1,
1,309.348,10,1,
1,309.58,11,1,
1,312.028,11,1,
1,312.982,11,1,
1,313.289,12,1,
1,313.372,13,1,
1,314.607,11,1,
1,317.255,12,1,
1,317.668,13,1,
1,317.781,14,1,
1,318.312,15,1,
1,318.566,16,1,
1,318.726,17,1,
1,320.618,17,1,
1,320.764,18,1,
1,320.96,19,1,
1,321.688,19,1,
1,323.353,17,1,
1,323.543,18,1,
1,324.238,18,1,
1,324.713,18,1,
1,324.773,19,1,
1,325.903,16,1,
1,326.877,16,1,
1,327.08,16,1,
1,327.816,17,1,
1,328.045,18,1,
1,328.131,19,1,
1,329.584,19,1,
1,333.021,14,1,
1,333.576,13,1,
1,333.684,14,1,
1,334.651,14,1,
1,334.747,15,1,
1,334.839,16,1,
1,335.457,17,1,
1,336.672,17,1,
1,337.757,17,1,
1,338.248,18,1,
1,338.532,19,1,
1,338.717,19,1,
1,338.841,20,1,
1,339.121,20,1,
1,340.419,19,1,
1,341.844,18,1,
1,342.6,18,1,
1,344.054,16,1,
1,344.146,16,1,
1,347.221,14,1,
1,351.041,8,1,
1,351.177,9,1,
1,352.957,10,1,
1,353.929,10,1,
1,354.098,11,1,
1,355.716,9,1,
1,356.014,10,1,
1,356.658,11,1,
1,356.712,12,1,
1,357.783,9,1,
1,358.026,10,1,
1,358.232,10,1,
1,358.511,11,1,
1,358.565,12,1,
1,358.716,13,1,
1,359.014,14,1,
1,361.754,12,1,
1,362.015,13,1,
1,364.408,12,1,
1,365.846,13,1,
1,368.07,11,1,
1,368.191,12,1,
1,371.845,9,1,
1,372.492,8,1,
1,373.725,7,1,
1,374.815,6,1,
1,377.969,4,1,
1,382.735,1,1,
1,385.371,0,1,
1,386.11,1,1,
1,386.542,1,1,
1,389.316,0,1,
1,389.877,1,1,
1,390.146,2,1,
1,390.15,3,1,
1,395.079,1,1,
1,399.665,0,0,
1,400.074,0,1,
1,401.763,0,1,
1,402.629,1,1,
1,402.735,1,1,
1,402.859,2,1,
1,404.773,2,1,
1,405.273,3,1,
1,405.855,4,1,
1,406.649,4,1,
1,406.71,5,1,
1,406.799,6,1,
1,407.004,7,1,
1,407.353,7,1,
1,408.541,6,1,
1,409.122,7,1,
1,409.481,8,1,
1,409.615,9,1,
1,410.318,9,1,
1,410.788,8,1,
1,411.425,9,1,
1,413.648,10,1,
1,413.748,11,1,
1,414.271,12,1,
1,414.297,13,1,
1,414.684,12,1,
1,415.504,12,1,
1,415.553,13,1,
1,415.6,14,1,
1,416.529,15,1,
1,416.773,15,1,
1,416.79,16,1,
1,418.713,15,1,
1,420.163,15,1,
1,421.711,14,1,
1,423.743,11,1,
1,424.922,12,1,
1,425.807,11,1,
1,426.16,12,1,
1,426.432,13,1,
1,426.887,14,1,
1,426.946,15,1,
1,429.552,14,1,
1,429.898,14,1,
1,430.768,15,1,
1,432.138,16,1,
1,433.881,15,1,
1,435.637,15,1,
1,436.946,15,1,
1,437.013,16,1,
1,437.071,17,1,
1,437.427,18,1,
1,438.387,18,1,
1,438.965,19,1,
1,439.745,19,1,
1,440.82,20,1,
1,441.378,20,1,
1,445.206,19,1,
1,445.36,20,1,
1,447.157,18,1,
1,448.053,19,1,
1,448.232,20,1,
1,448.39,20,1,
1,451.301,17,1,
1,452.932,17,1,
1,453.599,16,1,
1,455.626,13,1,
1,455.636,14,1,
1,457.232,14,1,
1,459.272,13,1,
1,459.8,14,1,
1,460.352,15,1,
1,461.003,16,1,
1,462.625,16,1,
1,462.868,17,1,
1,463.57,18,1,
1,465.264,16,1,
1,465.582,17,1,
1,466.488,18,1,
1,466.735,18,1,
1,467.488,19,1,
1,469.179,19,1,
1,470.25,19,1,
1,470.429,20,1,
1,471.798,19,1,
1,472.947,18,1,
1,476.017,12,1,
1,478.745,11,1,
1,482.576,8,1,
1,483.035,7,1,
1,483.816,7,1,
1,486.423,2,1,
1,487.015,3,1,
1,487.693,4,1,
1,488.128,4,1,
1,488.162,5,1,
1,488.981,4,1,
1,491.574,2,1,
1,491.9,3,1,
1,493.716,3,1,
1,496.065,4,1,
1,496.215,4,1,
1,497.798,2,1,
1,497.951,3,1,
1,498.04,4,1,
1,498.492,5,1,
(arrivalMean_ / departureMean_),item->arrivalTime_,queue_->length(),status_,
1,1.71058,0,0,
1,1.94862,0,1,
1,2.69604,0,0,
1,3.41519,0,0,
1,3.55558,0,1,
1,4.17082,0,1,
1,4.33968,0,0,
1,5.7796,0,0,
1,6.2122,0,0,
1,6.26226,0,1,
1,8.38151,0,1,
1,9.06739,1,1,
1,11.2208,2,1,
1,12.6141,3,1,
1,14.9712,4,1,
1,16.2366,4,1,
1,19.1774,3,1,
1,19.734,3,1,
1,20.4768,1,1,
1,23.2577,2,1,
1,23.5093,3,1,
1,25.4412,1,1,
1,26.8806,0,1,
1,27.1746,0,1,
1,28.2459,1,1,
1,29.4644,2,1,
1,30.036,2,1,
1,32.3055,1,1,
1,33.0162,0,1,
1,33.3662,1,1,
1,33.9611,2,1,
1,34.0809,3,1,
1,34.895,3,1,
1,35.3104,4,1,
1,35.6405,3,1,
1,36.5508,1,1,
1,36.5817,2,1,
1,36.7386,3,1,
1,36.901,4,1,
1,37.6102,2,1,
1,37.7256,3,1,
1,38.2254,3,1,
1,39.8537,2,1,
1,39.8538,3,1,
1,41.593,2,1,
1,42.193,3,1,
1,42.568,4,1,
1,44.3032,2,1,
1,44.7283,3,1,
1,45.0721,4,1,
1,47.4497,3,1,
1,48.2625,4,1,
1,48.3663,5,1,
1,48.9337,5,1,
1,49.3275,5,1,
1,49.7231,5,1,
1,50.5282,5,1,
1,51.2295,5,1,
1,51.4382,5,1,
1,51.6132,6,1,
1,52.5446,6,1,
1,53.0449,6,1,
1,54.3393,7,1,
1,56.4618,6,1,
1,56.789,6,1,
1,56.9507,5,1,
1,57.955,6,1,
1,58.9407,7,1,
1,59.1344,8,1,
1,59.7568,8,1,
1,61.2042,6,1,
1,61.5652,6,1,
1,61.7005,6,1,
1,62.9158,6,1,
1,63.1848,6,1,
1,63.337,7,1,
1,64.0033,6,1,
1,66.2509,7,1,
1,66.7092,8,1,
1,67.0055,9,1,
1,68.0253,10,1,
1,69.1654,10,1,
1,70.5173,8,1,
1,73.8592,1,1,
1,76.9861,0,0,
1,78.0353,0,1,
1,79.5023,0,0,
1,79.5828,0,1,
1,80.4086,1,1,
1,80.4906,2,1,
1,83.3697,1,1,
1,84.001,1,1,
1,85.1178,0,0,
1,85.1598,0,1,
1,85.9697,1,1,
1,86.1778,2,1,
1,87.1433,0,0,
1,87.7421,0,0,
1,87.7993,0,1,
1,88.4166,0,1,
1,88.9283,1,1,
1,90.6941,2,1,
1,92.0953,2,1,
1,92.1523,3,1,
1,92.4258,4,1,
1,93.2979,2,1,
1,93.7595,3,1,
1,94.4484,3,1,
1,94.5392,4,1,
1,94.719,5,1,
1,96.0256,6,1,
1,96.4313,7,1,
1,99.946,3,1,
1,100.155,4,1,
1,101.56,3,1,
1,102.996,0,1,
1,103.118,1,1,
1,103.489,0,1,
1,104.169,1,1,
1,105.104,1,1,
1,106.117,2,1,
1,106.299,3,1,
1,106.392,4,1,
1,108.185,4,1,
1,108.603,3,1,
1,111.333,1,1,
1,112.781,0,1,
1,113.607,1,1,
1,113.721,2,1,
1,113.95,3,1,
1,114.015,4,1,
1,114.592,5,1,
1,114.693,6,1,
1,120.58,0,0,
1,121.147,0,1,
1,121.697,0,1,
1,121.777,1,1,
1,123.75,2,1,
1,124.142,3,1,
1,125.997,0,0,
1,126.669,0,0,
1,128.056,0,0,
1,129.331,0,1,
1,131.54,0,0,
1,131.982,0,0,
1,133.548,0,0,
1,135.354,0,0,
1,135.573,0,1,
1,137.77,0,0,
1,138.33,0,0,
1,138.457,0,1,
1,140.426,0,1,
1,140.521,1,1,
1,140.976,2,1,
1,141.016,3,1,
1,142.135,3,1,
1,142.224,4,1,
1,142.608,5,1,
1,143.112,6,1,
1,143.605,6,1,
1,144.372,7,1,
1,145.188,8,1,
1,146.285,9,1,
1,146.456,10,1,
1,147.043,10,1,
1,149.367,9,1,
1,151.293,7,1,
1,152.973,7,1,
1,153.727,7,1,
1,157.147,4,1,
1,157.923,5,1,
1,158.656,6,1,
1,159.152,7,1,
1,159.299,8,1,
1,160.004,9,1,
1,160.006,10,1,
1,160.397,11,1,
1,160.467,12,1,
1,160.84,13,1,
1,161.6,13,1,
1,161.647,14,1,
1,163.51,13,1,
1,164.552,13,1,
1,166.32,10,1,
1,168.579,10,1,
1,171.905,8,1,
1,172.475,9,1,
1,174.152,9,1,
1,174.206,10,1,
1,174.685,10,1,
1,175.692,8,1,
1,176.465,7,1,
1,179.626,4,1,
1,180.217,2,1,
1,180.451,3,1,
1,184.184,3,1,
1,185.187,4,1,
1,188.801,0,1,
1,191.004,0,1,
1,193.498,0,1,
1,195.592,0,1,
1,196.073,1,1,
1,196.135,2,1,
1,196.98,3,1,
1,201.844,0,0,
1,202.084,0,0,
1,202.62,0,1,
1,203.329,0,1,
1,204.41,0,0,
1,207.028,0,0,
1,207.107,0,1,
1,207.529,1,1,
1,207.859,0,1,
1,207.874,1,1,
1,209.663,1,1,
1,209.948,2,1,
1,211.851,0,1,
1,212.421,1,1,
1,212.653,2,1,
1,213.771,2,1,
1,215.646,1,1,
1,215.693,2,1,
1,215.708,3,1,
1,218.365,2,1,
1,220.074,1,1,
1,220.458,1,1,
1,220.712,2,1,
1,220.733,3,1,
1,223.219,3,1,
1,223.36,3,1,
1,223.771,3,1,
1,223.875,4,1,
1,224.021,5,1,
1,226.753,5,1,
1,227.282,6,1,
1,227.51,7,1,
1,228.09,8,1,
1,228.17,9,1,
1,228.297,10,1,
1,229.028,11,1,
1,229.421,11,1,
1,230.579,10,1,
1,230.934,10,1,
1,231.386,10,1,
1,233.701,9,1,
1,234.619,8,1,
1,234.826,9,1,
1,235.166,10,1,
1,236.349,11,1,
1,237.912,10,1,
1,238.443,10,1,
1,238.589,11,1,
1,238.898,12,1,
1,239.009,13,1,
1,243.793,8,1,
1,243.809,9,1,
1,244.398,10,1,
1,246.24,10,1,
1,246.463,11,1,
1,246.649,12,1,
1,246.705,13,1,
1,249.495,10,1,
1,251.018,11,1,
1,251.028,12,1,
1,251.187,13,1,
1,251.967,13,1,
1,251.968,14,1,
1,252.99,13,1,
1,254.803,12,1,
1,255.988,12,1,
1,256.524,11,1,
1,257.307,11,1,
1,259.909,11,1,
1,260.145,12,1,
1,260.741,13,1,
1,261.876,13,1,
1,263.222,12,1,
1,263.397,12,1,
1,263.953,13,1,
1,268.404,10,1,
1,268.834,11,1,
1,269.311,12,1,
1,270.367,13,1,
1,271.359,14,1,
1,273.52,14,1,
1,273.92,15,1,
1,274.588,15,1,
1,274.693,15,1,
1,278,13,1,
1,279.349,12,1,
1,281.294,10,1,
1,282.624,11,1,
1,283.212,12,1,
1,283.258,13,1,
1,283.341,14,1,
1,284.877,14,1,
1,285.455,14,1,
1,286.64,14,1,
1,287.367,14,1,
1,287.613,15,1,
1,288.245,16,1,
1,288.383,17,1,
1,288.468,18,1,
1,288.668,18,1,
1,289.313,19,1,
1,289.906,20,1,
1,291.428,19,1,
1,292.355,18,1,
1,292.862,18,1,
1,294.13,17,1,
1,296.705,17,1,
1,297.227,18,1,
1,298.135,19,1,
1,298.361,20,1,
1,298.873,21,1,
1,298.94,22,1,
1,300.561,19,1,
1,301.017,19,1,
1,302.089,20,1,
1,303.705,20,1,
1,306.353,19,1,
1,306.902,19,1,
1,309.961,17,1,
1,310.074,18,1,
1,311.343,17,1,
1,311.73,18,1,
1,312.062,19,1,
1,312.252,20,1,
1,313.624,19,1,
1,314.838,16,1,
1,315.556,17,1,
1,316.293,17,1,
1,316.513,17,1,
1,317.399,18,1,
1,318.198,18,1,
1,318.539,19,1,
1,319.131,20,1,
1,319.16,21,1,
1,322.262,18,1,
1,324.855,15,1,
1,325.618,16,1,
1,326.469,15,1,
1,326.876,16,1,
1,328.05,16,1,
1,329.475,17,1,
1,331.497,14,1,
1,333.319,11,1,
1,333.321,12,1,
1,333.416,13,1,
1,336.487,13,1,
1,336.822,14,1,
1,338.251,14,1,
1,341.69,12,1,
1,341.989,13,1,
1,342.313,14,1,
1,342.873,13,1,
1,345.647,9,1,
1,345.918,10,1,
1,346.959,11,1,
1,348.859,9,1,
1,349.114,9,1,
1,350.552,9,1,
1,352.776,9,1,
1,354.587,9,1,
1,354.964,10,1,
1,355.928,11,1,
1,356.397,10,1,
1,356.489,11,1,
1,356.771,12,1,
1,357.332,12,1,
1,357.861,13,1,
1,358.64,13,1,
1,359.31,14,1,
1,360.034,14,1,
1,360.775,15,1,
1,361.544,16,1,
1,361.884,17,1,
1,363.514,15,1,
1,364.201,15,1,
1,365.723,11,1,
1,368.358,11,1,
1,368.886,9,1,
1,369.318,9,1,
1,369.348,10,1,
1,372.123,7,1,
1,372.684,7,1,
1,372.953,8,1,
1,373.817,8,1,
1,373.92,9,1,
1,374.735,10,1,
1,374.871,11,1,
1,374.93,12,1,
1,375.209,11,1,
1,377.758,10,1,
1,379.531,7,1,
1,380.529,6,1,
1,380.825,6,1,
1,386.046,1,1,
1,386.369,2,1,
1,387.439,2,1,
1,387.5,3,1,
1,387.589,4,1,
1,387.794,5,1,
1,388.661,6,1,
1,390.595,3,1,
1,390.643,4,1,
1,391.701,3,1,
1,392.001,4,1,
1,394.224,1,1,
1,395.13,0,1,
1,395.95,0,1,
1,395.996,0,1,
1,396.132,1,1,
1,400.692,0,0,
1,400.906,0,0,
1,401.78,0,0,
1,401.898,0,1,
1,403.647,0,0,
1,404.252,0,1,
1,405.876,1,1,
1,408.015,0,1,
1,408.837,0,1,
1,409.867,1,1,
1,410.604,0,1,
1,411.216,0,1,
1,413.528,0,0,
1,414.457,0,0,
1,414.763,0,1,
1,417.938,0,1,
1,418.516,1,1,
1,418.911,2,1,
1,419.985,2,1,
1,420.544,3,1,
1,422.145,2,1,
1,422.32,3,1,
1,423.45,3,1,
1,425.097,3,1,
1,427.201,2,1,
1,427.312,3,1,
1,428.95,1,1,
1,430.883,0,1,
1,430.998,1,1,
1,433.025,0,1,
1,433.437,1,1,
1,435.344,1,1,
1,436.629,1,1,
1,437.835,2,1,
1,437.989,3,1,
1,441.194,2,1,
1,441.314,3,1,
1,441.646,4,1,
1,443.351,4,1,
1,446.434,0,0,
1,448.648,0,0,
1,448.961,0,0,
1,449.116,0,1,
1,449.502,0,1,
1,450.48,1,1,
1,452.278,2,1,
1,452.466,3,1,
1,454.348,2,1,
1,455.173,2,1,
1,459.003,0,1,
1,459.783,0,0,
1,460.273,0,1,
1,463.918,0,0,
1,463.99,0,1,
1,464.27,1,1,
1,464.271,2,1,
1,468.253,0,1,
1,469.969,0,1,
1,471.565,0,1,
1,473.623,0,0,
1,473.843,0,1,
1,476.217,0,0,
1,477.045,0,1,
1,477.512,1,1,
1,478.824,1,1,
1,479.43,2,1,
1,479.58,3,1,
1,482.231,0,0,
1,483.415,0,0,
1,484.617,0,1,
1,485.544,0,1,
1,486.757,0,0,
1,487.199,0,1,
1,488.912,1,1,
1,489.151,2,1,
1,490.299,3,1,
1,492.499,3,1,
1,492.576,4,1,
1,494.87,0,0,
1,496.584,0,0,
1,502.777,0,0,
1,504.843,0,0,
1,506.47,0,0,
1,507.241,0,1,
1,507.555,0,1,
1,507.653,1,1,
1,508.772,0,0,
(arrivalMean_ / departureMean_),item->arrivalTime_,queue_->length(),status_,
1,1.71058,0,0,
1,2.31621,0,1,
1,2.91926,1,1,
1,4.02148,0,1,
1,5.74293,0,0,
1,5.79299,0,1,
1,6.85717,1,1,
1,8.36793,1,1,
1,8.51963,2,1,
1,10.1871,3,1,
1,11.2223,4,1,
1,11.5008,5,1,
1,11.7019,6,1,
1,11.9046,7,1,
1,14.2617,8,1,
1,14.8846,9,1,
1,16.3977,9,1,
1,17.1454,10,1,
1,17.3293,11,1,
1,17.6108,12,1,
1,18.8041,11,1,
1,19.1725,12,1,
1,19.9153,13,1,
1,21.2908,11,1,
1,23.4561,10,1,
1,24.168,11,1,
1,24.9785,11,1,
1,25.3314,12,1,
1,27.8576,8,1,
1,28.2576,8,1,
1,30.5271,7,1,
1,32.5831,6,1,
1,32.6986,7,1,
1,32.7335,8,1,
1,33.4236,7,1,
1,34.0281,7,1,
1,36.2879,6,1,
1,37.1944,7,1,
1,38.9511,5,1,
1,40.8755,3,1,
1,42.8837,1,1,
1,45.52,0,0,
1,45.6238,0,1,
1,46.1534,1,1,
1,46.5472,1,1,
1,46.9647,1,1,
1,47.1416,2,1,
1,47.8272,2,1,
1,48.9658,0,1,
1,49.0949,1,1,
1,49.5952,2,1,
1,50.9838,1,1,
1,53.1064,0,0,
1,54.2224,0,1,
1,54.2945,0,1,
1,54.7809,1,1,
1,55.4351,2,1,
1,55.6289,2,1,
1,56.6035,2,1,
1,56.7615,3,1,
1,57.2253,4,1,
1,57.8628,5,1,
1,58.698,5,1,
1,58.7202,6,1,
1,58.9841,6,1,
1,59.2531,7,1,
1,60.6249,5,1,
1,62.2672,6,1,
1,62.8504,7,1,
1,63.1466,8,1,
1,64.9672,9,1,
1,65.1033,10,1,
1,65.4567,11,1,
1,68.903,8,1,
1,69.1647,9,1,
1,70.7349,9,1,
1,70.7618,10,1,
1,72.5514,10,1,
1,74.1826,10,1,
1,74.4133,11,1,
1,74.8149,11,1,
1,74.9187,12,1,
1,76.9372,12,1,
1,77.0585,13,1,
1,77.6258,14,1,
1,78.2571,15,1,
1,80.8219,11,1,
1,81.0958,11,1,
1,81.2378,12,1,
1,81.3587,13,1,
1,85.1547,6,1,
1,85.6303,7,1,
1,86.7561,8,1,
1,87.0307,9,1,
1,87.4924,10,1,
1,88.1671,10,1,
1,88.2579,11,1,
1,90.157,11,1,
1,93.6718,8,1,
1,96.3809,3,1,
1,97.1166,3,1,
1,99.1659,0,0,
1,99.3876,0,1,
1,100.235,1,1,
1,100.525,1,1,
1,100.741,2,1,
1,103.471,1,1,
1,104.224,2,1,
1,104.321,3,1,
1,106.482,1,1,
1,106.706,2,1,
1,107.542,3,1,
1,108.37,3,1,
1,110.451,2,1,
1,110.793,3,1,
1,110.852,4,1,
1,111.012,5,1,
1,112.242,4,1,
1,115.519,2,1,
1,115.608,3,1,
1,116.285,2,1,
1,116.748,3,1,
1,117.414,2,1,
1,117.897,3,1,
1,118.407,4,1,
1,118.811,4,1,
1,120.262,5,1,
1,120.727,6,1,
1,123.724,5,1,
1,123.858,5,1,
1,125.752,4,1,
1,127.547,0,0,
1,127.93,0,1,
1,129.899,0,1,
1,129.994,1,1,
1,130.204,2,1,
1,131.367,2,1,
1,131.72,3,1,
1,132.103,4,1,
1,132.608,5,1,
1,133.1,5,1,
1,133.509,6,1,
1,133.659,7,1,
1,135.332,5,1,
1,135.989,4,1,
1,137.943,3,1,
1,139.549,2,1,
1,141.732,1,1,
1,142.577,0,1,
1,145.998,0,0,
1,147.259,0,0,
1,147.42,0,0,
1,147.695,0,1,
1,148.265,1,1,
1,148.644,1,1,
1,149.35,2,1,
1,149.352,3,1,
1,149.743,4,1,
1,149.813,5,1,
1,150.185,6,1,
1,150.945,5,1,
1,150.992,6,1,
1,152.855,2,1,
1,153.17,3,1,
1,153.22,4,1,
1,158.132,0,0,
1,159.428,0,0,
1,160.04,0,0,
1,160.136,0,1,
1,163.119,0,0,
1,164.419,0,1,
1,164.458,0,1,
1,164.992,1,1,
1,165.192,2,1,
1,167.814,1,1,
1,167.843,2,1,
1,168.066,2,1,
1,168.329,3,1,
1,168.569,4,1,
1,169.16,5,1,
1,170.917,6,1,
1,171.642,7,1,
1,175.048,3,1,
1,175.483,3,1,
1,176.012,4,1,
1,176.676,5,1,
1,177.328,6,1,
1,178.524,7,1,
1,178.571,8,1,
1,183.069,3,1,
1,184.828,2,1,
1,185.16,3,1,
1,188.943,1,1,
1,190.808,1,1,
1,191.612,2,1,
1,192.068,3,1,
1,192.139,4,1,
1,194.378,3,1,
1,194.614,4,1,
1,195.127,4,1,
1,196.202,4,1,
1,196.958,5,1,
1,197.122,6,1,
1,197.406,5,1,
1,198.079,5,1,
1,198.249,6,1,
1,199.218,4,1,
1,199.412,4,1,
1,201.033,0,1,
1,204.191,0,0,
1,205.524,0,0,
1,207.233,0,1,
1,209.197,0,0,
1,210.331,0,0,
1,210.72,0,0,
1,213.149,0,0,
1,213.224,0,1,
1,213.229,1,1,
1,214.223,0,1,
1,214.451,1,1,
1,214.966,1,1,
1,215.877,0,1,
1,216.018,1,1,
1,219.031,1,1,
1,219.441,2,1,
1,219.708,3,1,
1,220.759,4,1,
1,220.794,5,1,
1,222.113,6,1,
1,222.197,7,1,
1,222.798,7,1,
1,222.84,8,1,
1,222.921,9,1,
1,225.343,7,1,
1,226.929,6,1,
1,228.821,7,1,
1,229.04,8,1,
1,230.345,8,1,
1,233.006,8,1,
1,233.057,9,1,
1,233.114,10,1,
1,235.904,7,1,
1,237.427,8,1,
1,237.513,9,1,
1,238.269,10,1,
1,239.311,10,1,
1,240.197,10,1,
1,241.382,10,1,
1,241.803,11,1,
1,241.998,11,1,
1,242.422,12,1,
1,242.686,13,1,
1,242.987,14,1,
1,243.167,15,1,
1,243.448,16,1,
1,247.796,14,1,
1,247.968,15,1,
1,249.059,16,1,
1,250.618,15,1,
1,250.758,16,1,
1,251.849,17,1,
1,252.98,17,1,
1,254.147,16,1,
1,254.633,17,1,
1,255.943,16,1,
1,256.629,17,1,
1,257.032,18,1,
1,258.204,19,1,
1,258.739,19,1,
1,259.411,19,1,
1,260.273,19,1,
1,261.457,17,1,
1,261.662,18,1,
1,262.337,18,1,
1,262.636,19,1,
1,263.985,18,1,
1,264.327,18,1,
1,265.738,18,1,
1,267.068,19,1,
1,267.656,20,1,
1,267.702,21,1,
1,267.863,22,1,
1,269.398,22,1,
1,269.996,22,1,
1,272.504,19,1,
1,272.55,20,1,
1,272.979,21,1,
1,276.098,19,1,
1,279.65,16,1,
1,281.479,14,1,
1,281.516,15,1,
1,281.627,16,1,
1,284.711,12,1,
1,289.563,8,1,
1,289.676,9,1,
1,290.207,10,1,
1,290.461,11,1,
1,290.622,11,1,
1,292.308,12,1,
1,293.272,9,1,
1,294.113,9,1,
1,294.5,10,1,
1,294.832,11,1,
1,295.021,12,1,
1,296.733,10,1,
1,297.131,11,1,
1,297.849,9,1,
1,298.16,10,1,
1,298.389,11,1,
1,298.8,11,1,
1,299.653,10,1,
1,300.256,10,1,
1,301.568,11,1,
1,303.034,12,1,
1,304.908,9,1,
1,305.724,10,1,
1,306.307,10,1,
1,308.6,9,1,
1,309.43,10,1,
1,311.781,10,1,
1,312.02,11,1,
1,312.704,12,1,
1,312.796,13,1,
1,314.277,11,1,
1,314.449,12,1,
1,314.868,12,1,
1,319.016,5,1,
1,320.877,2,1,
1,321.163,3,1,
1,322.135,3,1,
1,322.745,1,1,
1,322.794,2,1,
1,324.325,2,1,
1,325.753,1,1,
1,326.883,0,1,
1,327.266,1,1,
1,327.887,2,1,
1,328.494,3,1,
1,329.389,3,1,
1,329.928,4,1,
1,330.515,4,1,
1,331.756,5,1,
1,332.453,6,1,
1,336.101,2,1,
1,336.235,3,1,
1,336.535,3,1,
1,337.503,2,1,
1,337.521,3,1,
1,338.816,3,1,
1,341.193,1,1,
1,342.438,1,1,
1,344.381,1,1,
1,346.248,0,0,
1,346.708,0,1,
1,347.598,0,1,
1,348.145,1,1,
1,348.345,2,1,
1,348.802,3,1,
1,349.944,1,1,
1,351.17,2,1,
1,351.39,3,1,
1,351.745,4,1,
1,352.114,4,1,
1,353.465,3,1,
1,354.439,3,1,
1,354.59,4,1,
1,355.522,5,1,
1,357.36,5,1,
1,358.862,6,1,
1,358.926,7,1,
1,359.726,5,1,
1,360.03,6,1,
1,360.055,7,1,
1,360.691,8,1,
1,362.931,5,1,
1,363.153,6,1,
1,364.123,5,1,
1,364.899,5,1,
1,366.335,4,1,
1,367.719,4,1,
1,368.626,4,1,
1,368.751,4,1,
1,372.568,0,1,
1,373.238,0,1,
1,373.657,1,1,
1,373.922,2,1,
1,374.021,3,1,
1,374.544,3,1,
1,374.571,4,1,
1,374.958,3,1,
1,376.54,3,1,
1,377.992,0,1,
1,378.244,1,1,
1,379.2,2,1,
1,379.385,3,1,
1,379.554,4,1,
1,381.032,3,1,
1,381.173,4,1,
1,381.292,4,1,
1,381.315,5,1,
1,381.76,6,1,
1,383.801,4,1,
1,383.992,5,1,
1,384.377,5,1,
1,384.412,6,1,
1,386.858,7,1,
1,387.114,8,1,
1,387.937,7,1,
1,388.967,7,1,
1,389.572,8,1,
1,390.185,9,1,
1,392.497,7,1,
1,393.711,8,1,
1,395.02,8,1,
1,395.269,9,1,
1,396.229,10,1,
1,396.327,11,1,
1,396.905,12,1,
1,397.3,13,1,
1,398.881,11,1,
1,402.709,8,1,
1,402.729,9,1,
1,404.242,8,1,
1,407.158,7,1,
1,408.382,8,1,
1,412.609,5,1,
1,412.956,6,1,
1,412.995,7,1,
1,414.852,6,1,
1,416.766,4,1,
1,417.136,5,1,
1,417.38,6,1,
1,420.798,3,1,
1,420.951,4,1,
1,421.953,5,1,
1,421.981,5,1,
1,422.029,5,1,
1,422.547,4,1,
1,422.707,5,1,
1,422.726,6,1,
1,423.253,7,1,
1,423.757,7,1,
1,423.935,8,1,
1,424.441,9,1,
1,424.715,10,1,
1,426.047,9,1,
1,426.433,10,1,
1,427.411,10,1,
1,427.53,11,1,
1,427.903,12,1,
1,428.16,13,1,
1,428.61,14,1,
1,430.652,13,1,
1,431.071,14,1,
1,434.901,12,1,
1,435.3,11,1,
1,437.908,11,1,
1,438.342,11,1,
1,442.63,9,1,
1,444.213,7,1,
1,444.581,8,1,
1,446.103,7,1,
1,447.139,8,1,
1,448.122,8,1,
1,448.831,9,1,
1,449.036,10,1,
1,451.936,8,1,
1,452.519,9,1,
1,454.01,9,1,
1,454.07,10,1,
1,454.645,8,1,
1,454.975,9,1,
1,455.84,10,1,
1,456.245,11,1,
1,459.38,8,1,
1,460.792,8,1,
1,461.531,9,1,
1,461.556,10,1,
1,462.05,10,1,
1,463.936,9,1,
1,464.81,10,1,
1,467.368,9,1,
1,468.726,9,1,
1,468.939,10,1,
1,469.068,11,1,
1,469.664,12,1,
1,471.727,12,1,
1,471.995,13,1,
1,472.143,14,1,
1,474.473,14,1,
1,476.538,14,1,
1,477.157,14,1,
1,478.052,15,1,
1,478.367,16,1,
1,478.7,16,1,
1,478.94,17,1,
1,479.161,17,1,
1,480.228,17,1,
1,480.752,18,1,
1,481.045,19,1,
